filename,true_class,true_idx,pred_class,pred_idx,confidence,top3,top3_conf,correct
airplane_01.jpg,airplane,0,bird,2,0.5121859908103943,bird‚Üíairplane‚Üícat,0.51‚Üí0.48‚Üí0.00,False
airplane_02.jpg,airplane,0,airplane,0,0.9926578402519226,airplane‚Üíbird‚Üítruck,0.99‚Üí0.01‚Üí0.00,True
airplane_03.jpg,airplane,0,airplane,0,0.9942271709442139,airplane‚Üíship‚Üíbird,0.99‚Üí0.00‚Üí0.00,True
automobile_01.jpg,automobile,1,automobile,1,0.9999778270721436,automobile‚Üídog‚Üícat,1.00‚Üí0.00‚Üí0.00,True
automobile_02.jpg,automobile,1,automobile,1,0.999998927116394,automobile‚Üíbird‚Üíairplane,1.00‚Üí0.00‚Üí0.00,True
automobile_03.jpg,automobile,1,automobile,1,0.9999922513961792,automobile‚Üídog‚Üíairplane,1.00‚Üí0.00‚Üí0.00,True
bird_01.jpg,bird,2,bird,2,0.9998874664306641,bird‚Üíairplane‚Üítruck,1.00‚Üí0.00‚Üí0.00,True
bird_02.jpg,bird,2,bird,2,0.999998927116394,bird‚Üícat‚Üíhorse,1.00‚Üí0.00‚Üí0.00,True
bird_03.jpg,bird,2,bird,2,0.999086856842041,bird‚Üídog‚Üícat,1.00‚Üí0.00‚Üí0.00,True
cat_01.jpg,cat,3,cat,3,0.9998691082000732,cat‚Üíbird‚Üíairplane,1.00‚Üí0.00‚Üí0.00,True
cat_02.jpg,cat,3,cat,3,0.9907678961753845,cat‚Üíbird‚Üíship,0.99‚Üí0.01‚Üí0.00,True
cat_03.jpg,cat,3,cat,3,0.9986166954040527,cat‚Üíbird‚Üídog,1.00‚Üí0.00‚Üí0.00,True
deer_01.jpg,deer,4,bird,2,0.5408740639686584,bird‚Üídeer‚Üícat,0.54‚Üí0.46‚Üí0.00,False
deer_02.jpg,deer,4,deer,4,0.9999738931655884,deer‚Üícat‚Üídog,1.00‚Üí0.00‚Üí0.00,True
deer_03.jpg,deer,4,deer,4,0.9971612691879272,deer‚Üíhorse‚Üíbird,1.00‚Üí0.00‚Üí0.00,True
dog_01.jpg,dog,5,dog,5,0.9889163970947266,dog‚Üícat‚Üíbird,0.99‚Üí0.01‚Üí0.00,True
dog_02.jpg,dog,5,dog,5,0.9857935309410095,dog‚Üíbird‚Üídeer,0.99‚Üí0.01‚Üí0.00,True
dog_03.jpg,dog,5,dog,5,0.8976014256477356,dog‚Üícat‚Üíbird,0.90‚Üí0.09‚Üí0.00,True
frog_01.jpg,frog,6,frog,6,0.9983886480331421,frog‚Üíautomobile‚Üíship,1.00‚Üí0.00‚Üí0.00,True
frog_02.jpg,frog,6,bird,2,0.733958899974823,bird‚Üíship‚Üídog,0.73‚Üí0.18‚Üí0.06,False
frog_03.jpg,frog,6,frog,6,0.9997853636741638,frog‚Üíship‚Üíautomobile,1.00‚Üí0.00‚Üí0.00,True
horse_01.jpg,horse,7,horse,7,0.99601811170578,horse‚Üídog‚Üíbird,1.00‚Üí0.00‚Üí0.00,True
horse_02.jpg,horse,7,horse,7,0.4706975519657135,horse‚Üídeer‚Üídog,0.47‚Üí0.27‚Üí0.25,True
horse_03.jpg,horse,7,deer,4,0.8962357640266418,deer‚Üíhorse‚Üíbird,0.90‚Üí0.10‚Üí0.01,False
ship_01.jpg,ship,8,ship,8,0.9946646690368652,ship‚Üítruck‚Üícat,0.99‚Üí0.00‚Üí0.00,True
ship_02.jpg,ship,8,ship,8,0.9990274906158447,ship‚Üídog‚Üítruck,1.00‚Üí0.00‚Üí0.00,True
ship_03.jpg,ship,8,ship,8,0.9594704508781433,ship‚Üídeer‚Üíbird,0.96‚Üí0.02‚Üí0.01,True
truck_01.jpg,truck,9,truck,9,0.8899675607681274,truck‚Üíautomobile‚Üíship,0.89‚Üí0.03‚Üí0.03,True
truck_02.jpg,truck,9,truck,9,0.999859094619751,truck‚Üíautomobile‚Üídog,1.00‚Üí0.00‚Üí0.00,True
truck_03.jpg,truck,9,truck,9,0.9982513785362244,truck‚Üíautomobile‚Üídog,1.00‚Üí0.00‚Üí0.00,True
